{"cameraMode":{"drawMode":0,"name":"Shaded","section":"Shading Mode"},"sceneLighting":true,"audioPlay":false,"sceneViewState":{"showFog":true,"showMaterialUpdate":false,"showSkybox":true,"showFlares":true,"showImageEffects":true,"showParticleSystems":true},"in2DMode":false,"pivot":{"x":6.991357803344727,"y":6.008798122406006,"z":-10.659367561340332},"rotation":{"x":-0.10373130440711975,"y":0.7877861261367798,"z":0.13822199404239655,"w":0.5912085771560669},"size":23.334531784057618,"orthographic":false}