{"cameraMode":{"drawMode":0,"name":"Shaded","section":"Shading Mode"},"sceneLighting":false,"audioPlay":false,"sceneViewState":{"showFog":true,"showMaterialUpdate":false,"showSkybox":true,"showFlares":true,"showImageEffects":true,"showParticleSystems":true},"in2DMode":false,"pivot":{"x":-13.34000015258789,"y":0.41999995708465578,"z":-7.455074310302734},"rotation":{"x":-0.12219049781560898,"y":-0.08979799598455429,"z":0.011100996285676957,"w":-0.9883736968040466},"size":4.327910423278809,"orthographic":false}