{"cameraMode":{"drawMode":0,"name":"Shaded","section":"Shading Mode"},"sceneLighting":false,"audioPlay":false,"sceneViewState":{"showFog":true,"showMaterialUpdate":false,"showSkybox":true,"showFlares":true,"showImageEffects":true,"showParticleSystems":true},"in2DMode":false,"pivot":{"x":-13.686894416809082,"y":-0.41082143783569338,"z":-0.9287853240966797},"rotation":{"x":-0.05539259687066078,"y":-0.05449453368782997,"z":0.003027238417416811,"w":-0.996971845626831},"size":22.0,"orthographic":false}